id,F_Name,L_Name,email,email2,profesi
100,Monika,Stefa,.@unair.ac.id,undefined.undefined@ftmm.unair.ac.id,doctor
101,Cacilie,Artie,.@unair.ac.id,undefined.undefined@ftmm.unair.ac.id,doctor
102,Allis,Mozelle,.@unair.ac.id,undefined.undefined@ftmm.unair.ac.id,worker
103,Marcelline,Waite,.@unair.ac.id,undefined.undefined@ftmm.unair.ac.id,worker
104,Celestyna,Eiser,.@unair.ac.id,undefined.undefined@ftmm.unair.ac.id,police officer
105,Marinna,O'Carroll,.@unair.ac.id,undefined.undefined@ftmm.unair.ac.id,firefighter
106,Berta,Ehrman,.@unair.ac.id,undefined.undefined@ftmm.unair.ac.id,firefighter
107,Kary,Remmer,.@unair.ac.id,undefined.undefined@ftmm.unair.ac.id,doctor
108,Atlanta,Wilona,.@unair.ac.id,undefined.undefined@ftmm.unair.ac.id,firefighter
109,Romona,Willie,.@unair.ac.id,undefined.undefined@ftmm.unair.ac.id,data scientist
110,Sheelagh,Keily,.@unair.ac.id,undefined.undefined@ftmm.unair.ac.id,worker
111,Melodie,Destinee,.@unair.ac.id,undefined.undefined@ftmm.unair.ac.id,data scientist
112,Kimberley,Koziara,.@unair.ac.id,undefined.undefined@ftmm.unair.ac.id,developer
113,Gilda,Lail,.@unair.ac.id,undefined.undefined@ftmm.unair.ac.id,doctor
114,Rhoda,Kamaria,.@unair.ac.id,undefined.undefined@ftmm.unair.ac.id,data scientist
115,Xylina,Sidonius,.@unair.ac.id,undefined.undefined@ftmm.unair.ac.id,worker
116,Malina,August,.@unair.ac.id,undefined.undefined@ftmm.unair.ac.id,worker
117,Lorne,Kaja,.@unair.ac.id,undefined.undefined@ftmm.unair.ac.id,firefighter
118,Dorene,Ovid,.@unair.ac.id,undefined.undefined@ftmm.unair.ac.id,firefighter
119,Jenilee,Gavrila,.@unair.ac.id,undefined.undefined@ftmm.unair.ac.id,police officer
120,Elmira,Codding,.@unair.ac.id,undefined.undefined@ftmm.unair.ac.id,police officer
121,Sadie,Pierette,.@unair.ac.id,undefined.undefined@ftmm.unair.ac.id,developer
122,Shaylyn,Nerita,.@unair.ac.id,undefined.undefined@ftmm.unair.ac.id,police officer
123,Lorie,Old,.@unair.ac.id,undefined.undefined@ftmm.unair.ac.id,police officer
124,Tami,Alva,.@unair.ac.id,undefined.undefined@ftmm.unair.ac.id,doctor
125,Cindelyn,Ashely,.@unair.ac.id,undefined.undefined@ftmm.unair.ac.id,police officer
126,Phedra,Capello,.@unair.ac.id,undefined.undefined@ftmm.unair.ac.id,worker
127,Jere,Wenda,.@unair.ac.id,undefined.undefined@ftmm.unair.ac.id,firefighter
128,Agnese,Cynar,.@unair.ac.id,undefined.undefined@ftmm.unair.ac.id,developer
129,Karina,Tufts,.@unair.ac.id,undefined.undefined@ftmm.unair.ac.id,developer
130,Monika,Halsey,.@unair.ac.id,undefined.undefined@ftmm.unair.ac.id,data scientist
131,Belinda,Bearnard,.@unair.ac.id,undefined.undefined@ftmm.unair.ac.id,worker
132,Ginnie,Carbo,.@unair.ac.id,undefined.undefined@ftmm.unair.ac.id,developer
133,Valera,Claudine,.@unair.ac.id,undefined.undefined@ftmm.unair.ac.id,firefighter
134,Gretal,Lacombe,.@unair.ac.id,undefined.undefined@ftmm.unair.ac.id,doctor
135,Rubie,Socha,.@unair.ac.id,undefined.undefined@ftmm.unair.ac.id,police officer
136,Nollie,Codding,.@unair.ac.id,undefined.undefined@ftmm.unair.ac.id,worker
137,Gilligan,Bari,.@unair.ac.id,undefined.undefined@ftmm.unair.ac.id,worker
138,Jacquetta,Bivins,.@unair.ac.id,undefined.undefined@ftmm.unair.ac.id,police officer
139,Heddie,Jess,.@unair.ac.id,undefined.undefined@ftmm.unair.ac.id,worker
140,Elsie,Orelee,.@unair.ac.id,undefined.undefined@ftmm.unair.ac.id,data scientist
141,Zaria,Joseph,.@unair.ac.id,undefined.undefined@ftmm.unair.ac.id,worker
142,Etta,Bartlett,.@unair.ac.id,undefined.undefined@ftmm.unair.ac.id,firefighter
143,Annecorinne,Wiener,.@unair.ac.id,undefined.undefined@ftmm.unair.ac.id,police officer
144,Barbi,Dituri,.@unair.ac.id,undefined.undefined@ftmm.unair.ac.id,developer
145,Cacilie,McCutcheon,.@unair.ac.id,undefined.undefined@ftmm.unair.ac.id,firefighter
146,Dulcinea,Cressida,.@unair.ac.id,undefined.undefined@ftmm.unair.ac.id,developer
147,Darlleen,Therine,.@unair.ac.id,undefined.undefined@ftmm.unair.ac.id,worker
148,Wilma,Maurine,.@unair.ac.id,undefined.undefined@ftmm.unair.ac.id,worker
149,Annecorinne,Tybald,.@unair.ac.id,undefined.undefined@ftmm.unair.ac.id,doctor
150,Ursulina,Peg,.@unair.ac.id,undefined.undefined@ftmm.unair.ac.id,police officer
151,Ebonee,Baptlsta,.@unair.ac.id,undefined.undefined@ftmm.unair.ac.id,developer
152,Deedee,Anyah,.@unair.ac.id,undefined.undefined@ftmm.unair.ac.id,worker
153,Nannie,Maroney,.@unair.ac.id,undefined.undefined@ftmm.unair.ac.id,data scientist
154,Carlie,Zuzana,.@unair.ac.id,undefined.undefined@ftmm.unair.ac.id,doctor
155,Susette,Flyn,.@unair.ac.id,undefined.undefined@ftmm.unair.ac.id,doctor
156,Rhoda,Anselmi,.@unair.ac.id,undefined.undefined@ftmm.unair.ac.id,police officer
157,Fredericka,Rocray,.@unair.ac.id,undefined.undefined@ftmm.unair.ac.id,worker
158,Teriann,Himelman,.@unair.ac.id,undefined.undefined@ftmm.unair.ac.id,worker
159,Ninnetta,Joachim,.@unair.ac.id,undefined.undefined@ftmm.unair.ac.id,firefighter
160,Jolyn,Herrera,.@unair.ac.id,undefined.undefined@ftmm.unair.ac.id,police officer
161,Gilligan,Howlyn,.@unair.ac.id,undefined.undefined@ftmm.unair.ac.id,developer
162,Dione,Briney,.@unair.ac.id,undefined.undefined@ftmm.unair.ac.id,doctor
163,Margette,Magdalen,.@unair.ac.id,undefined.undefined@ftmm.unair.ac.id,worker
164,Christal,Olnee,.@unair.ac.id,undefined.undefined@ftmm.unair.ac.id,developer
165,Jemie,Markman,.@unair.ac.id,undefined.undefined@ftmm.unair.ac.id,developer
166,Dorice,Levey,.@unair.ac.id,undefined.undefined@ftmm.unair.ac.id,developer
167,Tabbatha,Mallon,.@unair.ac.id,undefined.undefined@ftmm.unair.ac.id,police officer
168,Viki,Frendel,.@unair.ac.id,undefined.undefined@ftmm.unair.ac.id,police officer
169,Tressa,Linskey,.@unair.ac.id,undefined.undefined@ftmm.unair.ac.id,doctor
170,Carilyn,Margarete,.@unair.ac.id,undefined.undefined@ftmm.unair.ac.id,worker
171,Corly,Ruvolo,.@unair.ac.id,undefined.undefined@ftmm.unair.ac.id,doctor
172,Modestia,Firmin,.@unair.ac.id,undefined.undefined@ftmm.unair.ac.id,worker
173,Edyth,Fabiola,.@unair.ac.id,undefined.undefined@ftmm.unair.ac.id,worker
174,Mara,Leopold,.@unair.ac.id,undefined.undefined@ftmm.unair.ac.id,developer
175,Madalyn,Warthman,.@unair.ac.id,undefined.undefined@ftmm.unair.ac.id,doctor
176,Cherrita,Serilda,.@unair.ac.id,undefined.undefined@ftmm.unair.ac.id,firefighter
177,Eadie,Constancy,.@unair.ac.id,undefined.undefined@ftmm.unair.ac.id,police officer
178,Barbi,Magnolia,.@unair.ac.id,undefined.undefined@ftmm.unair.ac.id,data scientist
179,Kenna,Oster,.@unair.ac.id,undefined.undefined@ftmm.unair.ac.id,doctor
180,Esmeralda,Brotherson,.@unair.ac.id,undefined.undefined@ftmm.unair.ac.id,worker
181,Basia,Etom,.@unair.ac.id,undefined.undefined@ftmm.unair.ac.id,firefighter
182,Layla,Avi,.@unair.ac.id,undefined.undefined@ftmm.unair.ac.id,firefighter
183,Averyl,Xerxes,.@unair.ac.id,undefined.undefined@ftmm.unair.ac.id,worker
184,Sidoney,Fairweather,.@unair.ac.id,undefined.undefined@ftmm.unair.ac.id,doctor
185,Zsa Zsa,Isacco,.@unair.ac.id,undefined.undefined@ftmm.unair.ac.id,firefighter
186,Phedra,Delp,.@unair.ac.id,undefined.undefined@ftmm.unair.ac.id,worker
187,Rosabelle,Huggins,.@unair.ac.id,undefined.undefined@ftmm.unair.ac.id,developer
188,Kayla,Pacorro,.@unair.ac.id,undefined.undefined@ftmm.unair.ac.id,doctor
189,Marjie,Sadowski,.@unair.ac.id,undefined.undefined@ftmm.unair.ac.id,data scientist
190,Lynnea,Darian,.@unair.ac.id,undefined.undefined@ftmm.unair.ac.id,worker
191,Gabi,Dituri,.@unair.ac.id,undefined.undefined@ftmm.unair.ac.id,data scientist
192,Fanny,Cosenza,.@unair.ac.id,undefined.undefined@ftmm.unair.ac.id,doctor
193,Kirbee,Francene,.@unair.ac.id,undefined.undefined@ftmm.unair.ac.id,developer
194,Laurene,Lauraine,.@unair.ac.id,undefined.undefined@ftmm.unair.ac.id,data scientist
195,Ursulina,Lesley,.@unair.ac.id,undefined.undefined@ftmm.unair.ac.id,doctor
196,Malina,Sisile,.@unair.ac.id,undefined.undefined@ftmm.unair.ac.id,police officer
197,Gretal,Mozelle,.@unair.ac.id,undefined.undefined@ftmm.unair.ac.id,police officer
198,Trixi,Tiffa,.@unair.ac.id,undefined.undefined@ftmm.unair.ac.id,data scientist
199,Sara-Ann,Faro,.@unair.ac.id,undefined.undefined@ftmm.unair.ac.id,developer
200,Atlanta,Flita,.@unair.ac.id,undefined.undefined@ftmm.unair.ac.id,police officer
201,Madelle,Markman,.@unair.ac.id,undefined.undefined@ftmm.unair.ac.id,data scientist
202,Cristabel,Giule,.@unair.ac.id,undefined.undefined@ftmm.unair.ac.id,data scientist
203,Meg,Catie,.@unair.ac.id,undefined.undefined@ftmm.unair.ac.id,police officer
204,Layla,Zina,.@unair.ac.id,undefined.undefined@ftmm.unair.ac.id,firefighter
205,Marcelline,Garrison,.@unair.ac.id,undefined.undefined@ftmm.unair.ac.id,doctor
206,Flo,Linskey,.@unair.ac.id,undefined.undefined@ftmm.unair.ac.id,doctor
207,Berta,Dawkins,.@unair.ac.id,undefined.undefined@ftmm.unair.ac.id,data scientist
208,Jobi,Connelly,.@unair.ac.id,undefined.undefined@ftmm.unair.ac.id,firefighter
209,Leanna,Anderea,.@unair.ac.id,undefined.undefined@ftmm.unair.ac.id,firefighter
210,Dorothy,Center,.@unair.ac.id,undefined.undefined@ftmm.unair.ac.id,firefighter
211,Aurelie,Annabella,.@unair.ac.id,undefined.undefined@ftmm.unair.ac.id,worker
212,Jenilee,Remmer,.@unair.ac.id,undefined.undefined@ftmm.unair.ac.id,firefighter
213,Maryellen,Morgun,.@unair.ac.id,undefined.undefined@ftmm.unair.ac.id,worker
214,Cacilie,Dunkin,.@unair.ac.id,undefined.undefined@ftmm.unair.ac.id,doctor
215,Caryl,Zaslow,.@unair.ac.id,undefined.undefined@ftmm.unair.ac.id,worker
216,Marika,Hanshaw,.@unair.ac.id,undefined.undefined@ftmm.unair.ac.id,data scientist
217,Dominga,Linskey,.@unair.ac.id,undefined.undefined@ftmm.unair.ac.id,firefighter
218,Frieda,Bevin,.@unair.ac.id,undefined.undefined@ftmm.unair.ac.id,firefighter
219,Romona,McCutcheon,.@unair.ac.id,undefined.undefined@ftmm.unair.ac.id,doctor
220,Nessie,Allys,.@unair.ac.id,undefined.undefined@ftmm.unair.ac.id,worker
221,Henriette,Joni,.@unair.ac.id,undefined.undefined@ftmm.unair.ac.id,firefighter
222,Kittie,Kiersten,.@unair.ac.id,undefined.undefined@ftmm.unair.ac.id,worker
223,Wilma,Dearborn,.@unair.ac.id,undefined.undefined@ftmm.unair.ac.id,worker
224,Elena,Isacco,.@unair.ac.id,undefined.undefined@ftmm.unair.ac.id,developer
225,Kathy,Maisey,.@unair.ac.id,undefined.undefined@ftmm.unair.ac.id,police officer
226,Peri,Chabot,.@unair.ac.id,undefined.undefined@ftmm.unair.ac.id,worker
227,Correy,Myrilla,.@unair.ac.id,undefined.undefined@ftmm.unair.ac.id,firefighter
228,Nataline,Bronk,.@unair.ac.id,undefined.undefined@ftmm.unair.ac.id,data scientist
229,Nataline,Simmonds,.@unair.ac.id,undefined.undefined@ftmm.unair.ac.id,doctor
230,Amalie,Anestassia,.@unair.ac.id,undefined.undefined@ftmm.unair.ac.id,doctor
231,Mellicent,Liebermann,.@unair.ac.id,undefined.undefined@ftmm.unair.ac.id,data scientist
232,Leona,Carey,.@unair.ac.id,undefined.undefined@ftmm.unair.ac.id,worker
233,Shaine,Travax,.@unair.ac.id,undefined.undefined@ftmm.unair.ac.id,police officer
234,Tani,Matthew,.@unair.ac.id,undefined.undefined@ftmm.unair.ac.id,doctor
235,Korrie,Geffner,.@unair.ac.id,undefined.undefined@ftmm.unair.ac.id,firefighter
236,Hettie,Neils,.@unair.ac.id,undefined.undefined@ftmm.unair.ac.id,doctor
237,Annora,Marden,.@unair.ac.id,undefined.undefined@ftmm.unair.ac.id,firefighter
238,Ivett,Bigner,.@unair.ac.id,undefined.undefined@ftmm.unair.ac.id,developer
239,Shel,Lanita,.@unair.ac.id,undefined.undefined@ftmm.unair.ac.id,developer
240,Gui,Philipp,.@unair.ac.id,undefined.undefined@ftmm.unair.ac.id,worker
241,Katleen,Longfellow,.@unair.ac.id,undefined.undefined@ftmm.unair.ac.id,worker
242,Meg,Sikorski,.@unair.ac.id,undefined.undefined@ftmm.unair.ac.id,police officer
243,Wanda,Ferino,.@unair.ac.id,undefined.undefined@ftmm.unair.ac.id,data scientist
244,Di,Ulphia,.@unair.ac.id,undefined.undefined@ftmm.unair.ac.id,worker
245,Nanete,Santoro,.@unair.ac.id,undefined.undefined@ftmm.unair.ac.id,data scientist
246,Bernie,Campball,.@unair.ac.id,undefined.undefined@ftmm.unair.ac.id,firefighter
247,Tori,Nea,.@unair.ac.id,undefined.undefined@ftmm.unair.ac.id,firefighter
248,Arabel,Emmaline,.@unair.ac.id,undefined.undefined@ftmm.unair.ac.id,doctor
249,Madelle,Edmund,.@unair.ac.id,undefined.undefined@ftmm.unair.ac.id,police officer
250,Ardys,Nunci,.@unair.ac.id,undefined.undefined@ftmm.unair.ac.id,developer
251,Deirdre,Faust,.@unair.ac.id,undefined.undefined@ftmm.unair.ac.id,firefighter
252,Jenilee,Tufts,.@unair.ac.id,undefined.undefined@ftmm.unair.ac.id,firefighter
253,Gusella,Gaynor,.@unair.ac.id,undefined.undefined@ftmm.unair.ac.id,developer
254,Melina,Blisse,.@unair.ac.id,undefined.undefined@ftmm.unair.ac.id,doctor
255,Inga,Jarib,.@unair.ac.id,undefined.undefined@ftmm.unair.ac.id,worker
256,Carolina,Gherardo,.@unair.ac.id,undefined.undefined@ftmm.unair.ac.id,worker
257,Mara,Nisbet,.@unair.ac.id,undefined.undefined@ftmm.unair.ac.id,developer
258,Catharine,Dielu,.@unair.ac.id,undefined.undefined@ftmm.unair.ac.id,developer
259,Deane,Swanhildas,.@unair.ac.id,undefined.undefined@ftmm.unair.ac.id,data scientist
260,Mariann,Wiener,.@unair.ac.id,undefined.undefined@ftmm.unair.ac.id,firefighter
261,Ketti,Rudolph,.@unair.ac.id,undefined.undefined@ftmm.unair.ac.id,firefighter
262,Netty,Ardra,.@unair.ac.id,undefined.undefined@ftmm.unair.ac.id,doctor
263,Sarette,Berne,.@unair.ac.id,undefined.undefined@ftmm.unair.ac.id,police officer
264,Kristina,Brodench,.@unair.ac.id,undefined.undefined@ftmm.unair.ac.id,data scientist
265,Melina,Skurnik,.@unair.ac.id,undefined.undefined@ftmm.unair.ac.id,firefighter
266,Lynea,Hortensia,.@unair.ac.id,undefined.undefined@ftmm.unair.ac.id,doctor
267,Sandie,Pettiford,.@unair.ac.id,undefined.undefined@ftmm.unair.ac.id,developer
268,Kathi,Harday,.@unair.ac.id,undefined.undefined@ftmm.unair.ac.id,police officer
269,Gianina,Schroth,.@unair.ac.id,undefined.undefined@ftmm.unair.ac.id,worker
270,Christy,Vharat,.@unair.ac.id,undefined.undefined@ftmm.unair.ac.id,firefighter
271,Adele,Sidonius,.@unair.ac.id,undefined.undefined@ftmm.unair.ac.id,firefighter
272,Ira,Uird,.@unair.ac.id,undefined.undefined@ftmm.unair.ac.id,worker
273,Nollie,Nunci,.@unair.ac.id,undefined.undefined@ftmm.unair.ac.id,firefighter
274,Raina,Raama,.@unair.ac.id,undefined.undefined@ftmm.unair.ac.id,police officer
275,Sonni,Erminia,.@unair.ac.id,undefined.undefined@ftmm.unair.ac.id,firefighter
276,Elyssa,Ehrman,.@unair.ac.id,undefined.undefined@ftmm.unair.ac.id,worker
277,Shaine,Kylander,.@unair.ac.id,undefined.undefined@ftmm.unair.ac.id,worker
278,Karina,Francyne,.@unair.ac.id,undefined.undefined@ftmm.unair.ac.id,firefighter
279,Sindee,Aaberg,.@unair.ac.id,undefined.undefined@ftmm.unair.ac.id,worker
280,Elora,Cosenza,.@unair.ac.id,undefined.undefined@ftmm.unair.ac.id,police officer
281,Tilly,Rurik,.@unair.ac.id,undefined.undefined@ftmm.unair.ac.id,doctor
282,Chastity,Arathorn,.@unair.ac.id,undefined.undefined@ftmm.unair.ac.id,developer
283,Kayla,Stuart,.@unair.ac.id,undefined.undefined@ftmm.unair.ac.id,firefighter
284,Ezmeralda,Buffum,.@unair.ac.id,undefined.undefined@ftmm.unair.ac.id,developer
285,Lila,Muriel,.@unair.ac.id,undefined.undefined@ftmm.unair.ac.id,police officer
286,Ronna,Lanita,.@unair.ac.id,undefined.undefined@ftmm.unair.ac.id,data scientist
287,Ardys,Huggins,.@unair.ac.id,undefined.undefined@ftmm.unair.ac.id,data scientist
288,Celisse,Clara,.@unair.ac.id,undefined.undefined@ftmm.unair.ac.id,doctor
289,Letizia,Fairweather,.@unair.ac.id,undefined.undefined@ftmm.unair.ac.id,doctor
290,Ilse,Gunn,.@unair.ac.id,undefined.undefined@ftmm.unair.ac.id,doctor
291,Kary,Swanhildas,.@unair.ac.id,undefined.undefined@ftmm.unair.ac.id,police officer
292,Nicoli,Bennie,.@unair.ac.id,undefined.undefined@ftmm.unair.ac.id,data scientist
293,Gilligan,Rosalba,.@unair.ac.id,undefined.undefined@ftmm.unair.ac.id,worker
294,Meriel,Velick,.@unair.ac.id,undefined.undefined@ftmm.unair.ac.id,firefighter
295,Shaylyn,Hedve,.@unair.ac.id,undefined.undefined@ftmm.unair.ac.id,doctor
296,Cordi,Mintz,.@unair.ac.id,undefined.undefined@ftmm.unair.ac.id,doctor
297,Maud,Screens,.@unair.ac.id,undefined.undefined@ftmm.unair.ac.id,developer
298,Chandra,Sparhawk,.@unair.ac.id,undefined.undefined@ftmm.unair.ac.id,developer
299,Mallory,Tippets,.@unair.ac.id,undefined.undefined@ftmm.unair.ac.id,firefighter
300,a,a,a@a,a@a,a
301,a,a,a@a,a@a,a
